Label,Word,Frequency
Concept,leed,24
Software,energyplus,20
System,cooling,20
Organization,ashrae,18
None,heat,18
Concept,weather,18
Software,equest,17
General,performance,16
General,software,16
None,air,15
Concept,baseline,15
None,doe,15
General,modeling,15
Career,experience,15
General,source,14
General,program,14
Equipment,fan,14
Organization,ibpsa,14
General,available,13
Concept,water,13
General,engineering,13
General,information,12
General,web,12
General,systems,12
System,heating,12
General,usa,12
General,thermal,12
General,temperature,11
Software,doe2,11
General,500,11
Training,training,10
Event,conference,10
Organization,university,10
FirstName,joe,10
Load,load,10
None,yahoo,9
FirstName,jeff,9
Concept,research,9
General,version,9
General,interested,8
Company,whiteboxtechnologies,8
General,phone,8
General,project,8
General,700,8
General,tools,8
General,text,8
Envelope,wall,8
General,1e,7
None,loads,7
Organization,tamu,7
General,analytics,7
Equipment,pump,7
FirstName,jason,7
System,hvac,7
LastName,haberl,7
General,engineer,7
LastName,sami,7
General,proposed,7
General,appendix,7
Load,size,7
General,looking,7
FirstName,vikram,7
General,uk,7
FirstName,john,7
FirstName,chris,6
General,find,6
General,case,6
Software,openstudio,6
General,power,6
LastName,huang,6
System,exhaust,6
FirstName,jim,6
Equipment,chiller,6
HVAC,loop,6
General,users,6
General,jun,6
System,lighting,6
Envelope,glass,6
General,free,6
System,ventilation,6
General,news,5
Event,workshop,5
Load,space,5
General,group,5
Envelope,window,5
General,floor,5
HVAC,control,5
Concept,cost,5
Software,designbuilder,5
General,wrote,5
General,800,5
None,oa,5
Training,webinar,5
General,600,5
General,yjhuang,5
General,white,5
Career,linkedin,5
HVAC,supply,5
General,400,4
General,based,4
Concept,residential,4
HVAC,equipment,4
Envelope,glazing,4
None,esl,4
Concept,commercial,4
General,input,4
General,mit,4
Software,trnsys,4
General,hours,4
General,epw,4
General,team,4
General,62,4
General,user,4
None,ac,4
General,good,4
Equipment,vav,4
General,standard,4
General,texas,4
Training,certification,4
Company,buildingperformanceteam,4
General,question,4
Concept,existing,4
General,image,4
Event,meeting,4
Interesting,green,4
General,better,4
Interesting,solar,4
General,il,4
Load,sizing,3
FirstName,robert,3
Interesting,intended,3
None,busse,3
General,des,3
General,mass,3
Interesting,error,3
FirstName,ramana,3
Envelope,roof,3
Interesting,curves,3
General,different,3
General,bytes,3
HVAC,flow,3
Concept,bill,3
Concept,value,3
General,manage,3
FirstName,mark,3
None,workshops,3
General,street,3
None,fans,3
Concept,savings,3
General,hot,3
General,aeck,3
Organization,nrel,3
General,minimum,3
FirstName,alex,3
Company,lordaecksargent,3
General,high,3
Interesting,bin,3
General,network,3
Envelope,surface,3
FirstName,gerald,3
Concept,climate,3
Concept,cfm,3
Organization,pnl,3
General,direct,3
Interesting,cfd,3
General,tool,3
General,suite,3
FirstName,drury,3
General,references,3
General,utility,3
General,large,3
General,ridge,3
FirstName,michael,3
Career,skills,3
Career,people,3
None,register,3
General,review,3
General,technologies,3
General,4,3
LastName,koti,3
FirstName,christopher,3
FirstName,nick,3
General,best,3
General,see,3
General,open,3
General,elements,3
Load,zones,3
General,models,3
General,days,3
LastName,jones,3
Interesting,unmet,3
General,2002,3
General,park,3
Event,simbuild,3
General,bnim,3
General,box,3
LastName,crawley,3
System,daylight,3
None,ies,3
LastName,varkie,3
General,cgi,3
LastName,wichert,3
General,studio,3
General,bb,3
Event,attendee,3
Company,bigladdersoftware,3
General,hourly,3
General,desc,3
LastName,dirkes,3
None,windows,3
General,newsletter,3
General,report,2
HVAC,controls,2
Interesting,optimization,2
General,administrator,2
General,responsive,2
General,64105,2
General,jpeg,2
Software,powerdoe,2
General,process,2
None,conferences,2
General,5,2
General,pde,2
Software,radiance,2
General,st,2
General,8653,2
None,walls,2
General,mil,2
General,recovery,2
General,latest,2
General,interface,2
General,tmy2,2
General,solutions,2
FirstName,karen,2
FirstName,mike,2
Equipment,boiler,2
General,sf,2
LastName,thomas,2
General,wind,2
General,missouri,2
General,pv,2
General,listinfo,2
General,admin,2
Company,psdconsulting,2
General,consultant,2
Company,dmiinc,2
LastName,yates,2
General,site,2
General,engineers,2
General,protection,2
Training,gototraining,2
Software,iesve,2
Envelope,infiltration,2
Interesting,actual,2
General,100,2
General,appreciated,2
General,public,2
Company,arup,2
General,3d,2
General,3581,2
FirstName,jeremiah,2
General,est,2
FirstName,christian,2
General,jhaberl,2
General,highway,2
General,groups,2
General,issue,2
Company,smithboucher,2
General,convert,2
General,eng,2
Training,forum,2
General,technical,2
General,tired,2
General,communication,2
General,recipient,2
General,projects,2
FirstName,christoph,2
HVAC,curve,2
LastName,eurek,2
Load,peak,2
General,kansas,2
LastName,aulbach,2
General,go,2
General,nwo,2
Interesting,occupancy,2
General,sargent,2
General,district,2
General,lord,2
General,station,2
General,denver,2
General,division,2
General,g3,2
General,913,2
General,spam,2
General,1635,2
Company,wsp,2
Event,registration,2
General,locations,2
FirstName,paul,2
Company,perkinswill,2
General,ma,2
General,read,2
General,architects,2
System,doas,2
General,programs,2
General,uniqid,2
Concept,plant,2
General,development,2
LastName,hirsch,2
General,electric,2
General,live,2
General,automatic,2
General,outdoor,2
General,army,2
General,sources,2
Event,eventbrite,2
General,radiation,2
General,architecture,2
LastName,rosenberg,2
General,private,2
General,exterior,2
General,kw,2
LastName,caton,2
General,ext,2
General,questions,2
None,color,1
None,2015,1
None,definition,1
None,ensar,1
None,linda,1
None,ea,1
None,house,1
None,updates,1
None,402,1
None,eac1,1
None,grahovac,1
None,2016,1
None,alec,1
Organization,ibpsausa,1
None,bills,1
None,generation,1
None,england,1
None,messages,1
None,society,1
None,nexant,1
None,sevengroup,1
None,refrigerated,1
None,marcus,1
None,february,1
None,ml3oma,1
None,event,1
None,et,1
None,truth,1
None,265,1
None,addenda,1
None,binned,1
None,material,1
None,eu,1
None,tmy3,1
None,barrier,1
None,james,1
None,bivona,1
None,roofs,1
None,ecm,1
None,rosiers,1
None,buildingsimulation2017,1
None,2feepurl,1
None,sadeghipour,1
None,khare,1
None,radiant,1
None,main,1
None,828,1
None,7462,1
None,thumb,1
None,lee,1
None,tillou,1
None,ce,1
None,shgc,1
None,vinay,1
None,met,1
None,degree,1
None,448,1
None,investment,1
None,cox,1
None,method,1
None,fossil,1
None,madison,1
None,utm_medium,1
None,postman,1
None,halsall,1
None,credit,1
None,rain,1
None,rates,1
None,430,1
None,try,1
None,kurtz,1
None,app,1
None,plenum,1
None,addressee,1
None,motor,1
None,classification,1
None,apply,1
None,bre,1
None,total,1
None,hudson,1
None,858,1
None,mariana,1
None,leakage,1
None,le,1
None,chair,1
None,courriel,1
None,curriculum,1
None,wizard,1
None,caveats,1
None,apartment,1
None,leave,1
None,roy,1
None,jaulbach,1
None,3376,1
None,results,1
None,edi,1
None,rob,1
None,gupta,1
None,code,1
None,environment,1
None,peachtree,1
None,presentation,1
None,postings,1
None,alpana,1
None,80304,1
None,orientations,1
None,jacob,1
None,cool,1
None,tickets,1
None,school,1
None,higgins,1
None,epstein,1
None,small,1
Training,yahoogroups,1
None,guidelines,1
None,hand,1
None,ny,1
None,advance,1
None,guin,1
None,president,1
None,central,1
None,ght,1
None,types,1
None,ft,1
None,arch,1
None,fk,1
None,oc11expo28,1
None,2683,1
None,applications,1
None,lab,1
None,ladder,1
None,attend,1
None,49525,1
None,lam,1
None,chilled,1
None,ensargroup,1
None,6th,1
None,sp,1
None,fluent,1
None,typical,1
None,storage,1
None,zed,1
None,tamus,1
None,tavis,1
None,robertwichert,1
None,marianaristi,1
None,course,1
None,including,1
None,nbsp,1
None,elevators,1
None,style,1
None,establishment,1
None,cleantechanalytics,1
None,sudassociates,1
None,temperatures,1
None,vous,1
None,architect,1
None,company,1
None,walkerman,1
None,envelope,1
None,crockett,1
None,warm,1
None,mostapha,1
None,kendra,1
None,effort,1
None,tees,1
None,peeters,1
None,today,1
None,values,1
None,jacobs,1
None,brian,1
None,hansen,1
None,example,1
None,genopt,1
None,south,1
None,organized,1
None,umit,1
None,condenser,1
None,climates,1
None,numbers,1
None,iwec2,1
None,unimail,1
None,urban,1
None,requirements,1
None,comfort,1
None,510,1
None,sector,1
None,stewart,1
None,increased,1
None,xu,1
None,biz,1
None,ceo,1
None,psd,1
None,49504,1
None,jon,1
None,rules,1
None,sheelamkhare26,1
None,daysim,1
None,hap,1
None,technological,1
None,location,1
None,hay,1
None,smita,1
None,speed,1
None,rooms,1
None,progressiveae,1
None,advanced,1
None,stalberg,1
None,cooled,1
None,pnnl,1
None,library,1
None,successfully,1
None,twitter,1
None,month,1
None,apartments,1
None,krickx,1
None,office,1
None,blown,1
None,ability,1
None,8707,1
None,roth,1
None,facing,1
None,eer,1
None,patrick,1
None,shading,1
None,consent,1
None,valuable,1
None,series,1
None,things,1
None,phcjamaica,1
None,stevens,1
None,703,1
None,otto,1
None,pae,1
None,matthew,1
None,member,1
None,876,1
None,entitled,1
Company,pathfinder,1
None,achapin,1
None,technology,1
None,scheduled,1
None,exchanger,1
None,ii,1
None,conditioned,1
None,zgf,1
None,winter,1
None,newton,1
None,builder,1
None,opinions,1
None,facebook,1
None,position,1
None,nichols,1
None,command,1
None,costs,1
None,concrete,1
None,center,1
None,nest,1
None,iwec,1
None,task,1
None,renewable,1
None,hargis,1
None,driven,1
None,colta,1
None,effect,1
None,peter,1
None,designbuilderusa,1
None,orientation,1
None,dmi,1
None,acacia,1
None,line,1
None,sefaira,1
None,3a,1
None,detailed,1
None,problem,1
None,724,1
None,martin,1
None,kaltreider,1
None,info,1
None,226,1
None,228,1
None,construction,1
None,reset,1
None,differences,1
None,registered,1
None,apeksha,1
None,claiming,1
None,1811,1
None,esiyok,1
None,sambhav,1
None,42b11,1
None,sempra,1
None,vice,1
None,syedf,1
None,jra_sac,1
None,variable,1
None,getting,1
None,nal,1
Organization,usgbc,1
None,sketchup,1
None,tess,1
None,wbishop,1
None,run,1
None,papers,1
None,field,1
None,756,1
None,consumption,1
None,kegel,1
None,m2,1
None,_____,1
None,porter,1
None,plug,1
None,40gmail,1
None,properties,1
None,fareed,1
None,0769126d70,1
None,grasshopper,1
None,column,1
None,step,1
Company,flackandkurtz,1
None,301,1
None,schedule,1
None,eplus,1
None,index,1
None,span,1
None,stations,1
None,sri,1
None,authorized,1
None,geraldpde,1
None,751,1
None,conservation,1
None,support,1
None,ontario,1
None,gotowebinar,1
None,1631,1
None,6606,1
None,utm_source,1
None,cleantech,1
None,usace,1
None,emissivity,1
None,ou,1
None,tupper,1
None,range,1
None,acknowledgement,1
None,unclassified,1
None,coating,1
None,voice,1
None,626,1
None,promotions,1
None,face,1
None,voodoo,1
None,constant,1
None,epsteinglobal,1
None,points,1
None,archenergy,1
None,chi01exmb,1
None,jeffhaberl,1
None,dot,1
None,phase,1
None,virus,1
None,laboratory,1
None,dutel,1
None,corp,1
None,wales,1
None,206,1
None,developing,1
None,institute,1
None,tresidder,1
None,631,1
None,fporter,1
None,national,1
None,glumac,1
None,materials,1
None,boulder,1
None,columns,1
None,fuel,1
None,going,1
None,limited,1
None,bipv,1
None,ground,1
None,hornets,1
None,font,1
None,flack,1
None,exchange2,1
None,infrared,1
None,daylighting,1
None,brandon,1
None,pe,1
None,david,1
None,aeieng,1
None,unoccupied,1
None,runeplus,1
None,3d2,1
None,laouadi,1
None,ceiling,1
None,casework,1
None,pavel,1
None,div,1
None,practitioners,1
None,city,1
None,floors,1
None,thereof,1
None,number,1
None,addendum,1
None,grade,1
None,bemp,1
None,toronto,1
None,ideas,1
None,boston,1
None,setnrgh2o,1
None,thornton,1
None,built,1
None,board,1
None,para,1
None,lbl,1
None,occupied,1
None,seer,1
None,nathan,1
None,low,1
None,utilities,1
None,sheelam,1
None,recording,1
None,862,1
None,3447,1
None,double,1
None,preferred,1
None,basement,1
None,class,1
None,period,1
None,254,1
None,251,1
None,2466,1
None,diva,1
None,subscribe,1
None,dimensional,1
None,community,1
None,uni,1
None,utm_campaign,1
None,studioma,1
None,scott,1
None,mc_eid,1
None,april,1
None,fred,1
None,syed,1
None,presentations,1
None,255,1
None,mobile,1
None,sriregistrar,1
None,squirrel,1
None,batch,1
None,_ylc,1
None,llp,1
None,gpc18,1
None,elevator,1
None,demand,1
None,modelling,1
None,diversity,1
None,billing,1
None,website,1
None,mc_cid,1
None,something,1
None,carey,1
None,create,1
None,dortmund,1
None,powered,1
None,annual,1
None,specialist,1
None,coto,1
None,requirement,1
None,result,1
None,college,1
None,computer,1
None,frame,1
None,dillon,1
None,julien,1
None,gouv,1
None,qm,1
None,espr,1
None,recommendations,1
None,dcmit_esiyok,1
None,qc,1
None,lexington,1
None,bat,1
None,eskewdumezripple,1
None,prosoco,1
None,click,1
None,1,1
None,cop,1
None,361,1
None,javed,1
None,energyplus_support,1
None,vrf,1
Career,job,1
None,efficiency,1
None,0af59bbb65,1
None,exam,1
None,jta,1
None,sheffer,1
None,volume,1
None,outside,1
None,mud,1
None,dormitory,1
None,fenestration,1
None,naturalintelligence,1
None,7,1
None,natural,1